{
    "current": {
        "color_background": "#FDFBF7",
        "color_text": "#263112",
        "color_accent": "#263112",
        "color_secondary": "#866B67",
        "btn_bg": "#263112",
        "btn_text": "#FFFFFF",
        "mobile_menu_bg": "#263112",
        "mobile_menu_text": "#FFFFFF",
        "font_scale": 100,
        "enable_animations": true
    },
    "presets": {
        "Default": {
            "color_background": "#FDFBF7",
            "color_text": "#263112",
            "color_accent": "#263112",
            "color_secondary": "#866B67",
            "btn_bg": "#263112",
            "btn_text": "#FFFFFF",
            "mobile_menu_bg": "#263112",
            "mobile_menu_text": "#FFFFFF",
            "font_scale": 100,
            "enable_animations": true
        }
    }
}