[
    {
        "name": "theme_info",
        "theme_name": "Hermann Reborn",
        "theme_version": "1.0.0"
    },
    {
        "name": "Colors",
        "settings": [
            {
                "type": "color",
                "id": "bg_color",
                "label": "Background",
                "default": "#FDFBF7"
            },
            {
                "type": "color",
                "id": "text_color",
                "label": "Text",
                "default": "#263112"
            }
        ]
    }
]